{
  "$schema": "https://raw.githubusercontent.com/F5Networks/f5-appsvcs-extension/master/schema/latest/as3-schema.json",
  "class": "AS3",
  "action": "deploy",
  "persist": true,
  "declaration": {
    "class": "ADC",
    "schemaVersion": "3.13.0",
    "id": "Firewall_Rule_List",
    "Common": {
      "class": "Tenant",
      "Shared": {
        "class": "Application",
        "template": "shared",
        "local_networks": {
          "class": "Firewall_Address_List",
          "addresses": [
            "192.168.0.0/24",
            "10.0.0.0/24"
          ]
        },
        "client": {
          "class": "Firewall_Address_List",
          "addresses": [
            "123.4.5.6/32"
          ]
        },
        "public": {
          "class": "Firewall_Address_List",
          "addresses": [
            "0.0.0.0/0"
          ]
        },
        "server": {
          "class": "Firewall_Address_List",
          "addresses": [
            "192.168.0.78"
          ]
        },
        "httpPort": {
          "class": "Firewall_Port_List",
          "ports": [
            "80"
          ]
        },
        "ftpPorts": {
          "class": "Firewall_Port_List",
          "ports": [
            "20",
            "21"
          ]
        },
        "f5_bigip_http_policy": {
          "rules": [
            {
              "remark": "Allow clients to access HTTP VS",
              "name": "rule-1",
              "action": "accept",
              "protocol": "tcp",
              "source": {
                "addressLists": [
                  {
                    "use": "public"
                  }
                ]
              },
              "destination": {
                "addressLists": [
                  {
                    "use": "server"
                  }
                ],
                "portLists": [
                  {
                    "use": "httpPort"
                  }
                ]
              },
              "loggingEnabled": true
            },
            {
              "remark": "Deny all other traffic",
              "name": "rule-2",
              "action": "drop",
              "protocol": "any",
              "loggingEnabled": true
            }
          ],
          "class": "Firewall_Policy"
        },
        "f5_bigip_ftp_policy": {
          "rules": [
            {
              "remark": "Allow internal clients access to FTP VS",
              "name": "rule-1",
              "action": "accept",
              "protocol": "tcp",
              "source": {
                "addressLists": [
                  {
                    "use": "local_networks"
                  },
                  {
                    "use": "client"
                  }
                ]
              },
              "destination": {
                "addressLists": [
                  {
                    "use": "server"
                  }
                ],
                "portLists": [
                  {
                    "use": "ftpPorts"
                  }
                ]
              },
              "loggingEnabled": true
            },
            {
              "remark": "Deny all other traffic",
              "name": "rule-2",
              "action": "drop",
              "protocol": "any",
              "loggingEnabled": true
            }
          ],
          "class": "Firewall_Policy"
        }
      }
    }
  }
}